{"val_loss": 1.060376524925232, "val_MultilabelAccuracy": 0.6433125734329224, "val_MultilabelRecall": 0.7823069095611572, "val_MultilabelPrecision": 0.19195295870304108, "val_MultilabelSpecificity": 0.6043698787689209, "epoch": 25, "trainer/global_step": 36399, "_timestamp": 1666046334.538319, "_runtime": 12253.298061132431, "_step": 49, "train_loss": 0.8667497038841248, "_wandb": {"runtime": 12252}}